Company_ID,Company_Name,Website,LOGO_URL
1,Acrew,https://www.acrew.co/,
2,Audiosocket,https://www.audiosocket.com/,
3,ChapterSpot,https://www.chapterspot.com/,
4,CivicSource,https://www.civicsource.com/,
5,Cotinga soft,https://cotingasoft.com/,
6,Entrecscan,https://entrescan.com/,
7,exemptmenow,https://www.exemptmenow.com/,
8,FSC Interactive,https://fscinteractive.com/,
9,Gameloft,http://www.gameloft.com/en/,
10,GE Digital,https://www.ge.com/digital/,
11,Geocent,https://www.geocent.com/,
12,Globalstar,https://www.globalstar.com/,
13,GNO INC,http://gnoinc.org/,
14,High Voltage Software,http://www.high-voltage.com/,
15,Hop & Jaunt,http://www.hopandjaunt.com/,
16,inFRONT,http://www.infrontusa.com/,
17,Inxile,https://inxile-entertainment.com/,
18,Iseatz,http://www.iseatz.com/,
19,Kickboard,https://www.kickboardforschools.com/,
20,Lucid,https://luc.id/,
21,Mobilequbes,http://www.mobilequbes.com/,
22,mums software,https://www.mumms.com/,
23,Netchex,https://netchexonline.com/,
24,Online Optimism,https://www.onlineoptimism.com/,
25,oseberg,https://oseberg.io/,
26,Plantbid,https://plantbid.com/,
27,Realized Designs,http://www.realized-designs.com/,
28,Reverly,https://revelry.co/,
29,Search Influence,https://www.searchinfluence.com/,
30,SmashingBoxes,https://smashingboxes.com/,
31,Spectrum Interactive,http://spectruminteractive.co/,
32,SUSCO,http://suscosolutions.com/,
33,Torsh,http://www.torsh.co/,
34,Turbosquid,https://www.turbosquid.com/,
35,VL group,http://vlgroup.com/,
36,365 connect,https://www.365connect.com/,
37,Zlien,https://www.zlien.com/,
